clip_id,source_id,source_video_id,camera_id,clip_path,source_start_sec,source_end_sec,duration_sec,sha256,sampled_frame_count,event_likelihood_score,event_likelihood_level,hardcase_score,hardcase_tags,diversity_score,candidate_score,source_rank,global_rank,selection_status,selection_reason,manual_review_status,manual_review_label,manual_review_notes,signal_status,prediction_status
LF_ZmCAo38w_C025,LF_ZmCAo38w,LF_ZmCAo38w,UNRESOLVED,data/clips/LF_ZmCAo38w_C025.mp4,2640.0,2760.0,120.0,27f6dd7c1bd11dc74231c0de2d38979aa8dd615a770c1f3ed0e9a0c8e93e0429,12,0.562390,HIGH,0.536341,SMALL_FAR|OCCLUSION|CROWDED|FAST_MOTION,0.808701,0.607257,1,1,SELECTED,source_coverage=LF_ZmCAo38w; event_likelihood=HIGH; hardcase=SMALL_FAR|OCCLUSION|CROWDED|FAST_MOTION; diversity_aware_rank; selection_signal_only_not_ground_truth,PENDING,,,COMPUTED,COMPUTED_SELECTION_SIGNAL_NOT_GROUND_TRUTH
LF_ZmCAo38w_C049,LF_ZmCAo38w,LF_ZmCAo38w,UNRESOLVED,data/clips/LF_ZmCAo38w_C049.mp4,5280.0,5400.0,120.0,596dfbcd396f8c90462edca2e93d9677ca95bb4a68852a6450f035f128485ead,12,0.487376,HIGH,0.492318,SMALL_FAR|CROWDED|FAST_MOTION,0.702457,0.531778,2,2,SELECTED,source_coverage=LF_ZmCAo38w; event_likelihood=HIGH; hardcase=SMALL_FAR|CROWDED|FAST_MOTION; diversity_aware_rank; selection_signal_only_not_ground_truth,PENDING,,,COMPUTED,COMPUTED_SELECTION_SIGNAL_NOT_GROUND_TRUTH
LF_ZmCAo38w_C052,LF_ZmCAo38w,LF_ZmCAo38w,UNRESOLVED,data/clips/LF_ZmCAo38w_C052.mp4,5610.0,5730.0,120.0,728b1f6bc7dfd732ccfbe7e8653ecc46bfb00d6ac5860f9249196883a82dd4d5,12,0.476062,HIGH,0.515986,SMALL_FAR|OCCLUSION|CROWDED|FAST_MOTION,0.683805,0.527747,3,3,SELECTED,source_coverage=LF_ZmCAo38w; event_likelihood=HIGH; hardcase=SMALL_FAR|OCCLUSION|CROWDED|FAST_MOTION; diversity_aware_rank; selection_signal_only_not_ground_truth,PENDING,,,COMPUTED,COMPUTED_SELECTION_SIGNAL_NOT_GROUND_TRUTH
LF_ZmCAo38w_C021,LF_ZmCAo38w,LF_ZmCAo38w,UNRESOLVED,data/clips/LF_ZmCAo38w_C021.mp4,2200.0,2320.0,120.0,98cba800e137e63155256bd799f6589b065c68ba99976d6adf25619569ed3e65,12,0.483308,HIGH,0.501389,SMALL_FAR|OCCLUSION|CROWDED|FAST_MOTION,0.602535,0.514129,4,4,SELECTED,source_coverage=LF_ZmCAo38w; event_likelihood=HIGH; hardcase=SMALL_FAR|OCCLUSION|CROWDED|FAST_MOTION; diversity_aware_rank; selection_signal_only_not_ground_truth,PENDING,,,COMPUTED,COMPUTED_SELECTION_SIGNAL_NOT_GROUND_TRUTH
LF_ZmCAo38w_C035,LF_ZmCAo38w,LF_ZmCAo38w,UNRESOLVED,data/clips/LF_ZmCAo38w_C035.mp4,3740.0,3860.0,120.0,85c809f284ab7748e9a7ce1cf803df222a827e0ce639a089b28282164ea1d8d9,12,0.479262,HIGH,0.493132,SMALL_FAR|OCCLUSION|CROWDED,0.611989,0.510995,5,5,SELECTED,source_coverage=LF_ZmCAo38w; event_likelihood=HIGH; hardcase=SMALL_FAR|OCCLUSION|CROWDED; diversity_aware_rank; selection_signal_only_not_ground_truth,PENDING,,,COMPUTED,COMPUTED_SELECTION_SIGNAL_NOT_GROUND_TRUTH
interrupted_2026-09-17_C144,interrupted_2026-09-17,NUGc3nLuGsI,UNRESOLVED,data/clips/interrupted_2026-09-17_C144.mp4,15730.0,15850.0,120.0,804700bcb2016db7088ca5484f3557c99d258d967b873c58180ee727ebf250c7,12,0.447558,HIGH,0.513280,SMALL_FAR|OCCLUSION|CROWDED,0.703671,0.504291,1,6,SELECTED,source_coverage=interrupted_2026-09-17; event_likelihood=HIGH; hardcase=SMALL_FAR|OCCLUSION|CROWDED; diversity_aware_rank; selection_signal_only_not_ground_truth,PENDING,,,COMPUTED,COMPUTED_SELECTION_SIGNAL_NOT_GROUND_TRUTH
LF_ZmCAo38w_C003,LF_ZmCAo38w,LF_ZmCAo38w,UNRESOLVED,data/clips/LF_ZmCAo38w_C003.mp4,220.0,340.0,120.0,f205cf72ec16583bc461d87dcdee4d95e058a26086ed0b668e75e4f8e5261224,12,0.462374,HIGH,0.496976,SMALL_FAR|OCCLUSION|CROWDED|FAST_MOTION,0.621773,0.502367,6,7,SELECTED,source_coverage=LF_ZmCAo38w; event_likelihood=HIGH; hardcase=SMALL_FAR|OCCLUSION|CROWDED|FAST_MOTION; diversity_aware_rank; selection_signal_only_not_ground_truth,PENDING,,,COMPUTED,COMPUTED_SELECTION_SIGNAL_NOT_GROUND_TRUTH
interrupted_2026-09-17_C142,interrupted_2026-09-17,NUGc3nLuGsI,UNRESOLVED,data/clips/interrupted_2026-09-17_C142.mp4,15510.0,15630.0,120.0,c0e41b57828a2218ad1029967c59ac1a69e588fa097e4e98704aeaa271264fe2,12,0.460755,HIGH,0.478231,SMALL_FAR|CROWDED,0.685475,0.498012,2,8,SELECTED,source_coverage=interrupted_2026-09-17; event_likelihood=HIGH; hardcase=SMALL_FAR|CROWDED; diversity_aware_rank; selection_signal_only_not_ground_truth,PENDING,,,COMPUTED,COMPUTED_SELECTION_SIGNAL_NOT_GROUND_TRUTH
LF_ZmCAo38w_C030,LF_ZmCAo38w,LF_ZmCAo38w,UNRESOLVED,data/clips/LF_ZmCAo38w_C030.mp4,3190.0,3310.0,120.0,9055f5f5b6716253b8d9b1bacea217cab4a320aa2f10024820126cc224940011,12,0.494875,HIGH,0.431515,SMALL_FAR|CROWDED|FAST_MOTION,0.584251,0.497186,7,9,SELECTED,source_coverage=LF_ZmCAo38w; event_likelihood=HIGH; hardcase=SMALL_FAR|CROWDED|FAST_MOTION; diversity_aware_rank; selection_signal_only_not_ground_truth,PENDING,,,COMPUTED,COMPUTED_SELECTION_SIGNAL_NOT_GROUND_TRUTH
LF_ZmCAo38w_C046,LF_ZmCAo38w,LF_ZmCAo38w,UNRESOLVED,data/clips/LF_ZmCAo38w_C046.mp4,4950.0,5070.0,120.0,4ff8e10fa073036b6f067a47dcdf1d3ae1dfec67143fca92f5500a8a68b4858b,12,0.465902,HIGH,0.473085,SMALL_FAR|CROWDED|FAST_MOTION,0.600739,0.494616,8,10,SELECTED,source_coverage=LF_ZmCAo38w; event_likelihood=HIGH; hardcase=SMALL_FAR|CROWDED|FAST_MOTION; diversity_aware_rank; selection_signal_only_not_ground_truth,PENDING,,,COMPUTED,COMPUTED_SELECTION_SIGNAL_NOT_GROUND_TRUTH
interrupted_2026-09-17_C150,interrupted_2026-09-17,NUGc3nLuGsI,UNRESOLVED,data/clips/interrupted_2026-09-17_C150.mp4,16390.0,16510.0,120.0,581c46807ba4b3db710437ce5e106b3dae5cb78dd0d6ab061beb5fe373d78f2c,12,0.429717,HIGH,0.497639,SMALL_FAR|CROWDED,0.686554,0.487568,3,11,SELECTED,source_coverage=interrupted_2026-09-17; event_likelihood=HIGH; hardcase=SMALL_FAR|CROWDED; diversity_aware_rank; selection_signal_only_not_ground_truth,PENDING,,,COMPUTED,COMPUTED_SELECTION_SIGNAL_NOT_GROUND_TRUTH
LF_ZmCAo38w_C032,LF_ZmCAo38w,LF_ZmCAo38w,UNRESOLVED,data/clips/LF_ZmCAo38w_C032.mp4,3410.0,3530.0,120.0,e018b38fa00a55df5251f1709059913357185ff7bb7924f52e8ca1a763c5c82a,12,0.438055,HIGH,0.508396,SMALL_FAR|OCCLUSION|CROWDED,0.578246,0.483688,11,14,SELECTED,source_coverage=LF_ZmCAo38w; event_likelihood=HIGH; hardcase=SMALL_FAR|OCCLUSION|CROWDED; diversity_aware_rank; selection_signal_only_not_ground_truth,PENDING,,,COMPUTED,COMPUTED_SELECTION_SIGNAL_NOT_GROUND_TRUTH
interrupted_2026-09-17_C167,interrupted_2026-09-17,NUGc3nLuGsI,UNRESOLVED,data/clips/interrupted_2026-09-17_C167.mp4,18260.0,18380.0,120.0,96b563a327d23dda05b99a8e511ac268a99bf8713232f7975f111a369cc6dd3f,12,0.438604,HIGH,0.467525,SMALL_FAR|CROWDED,0.693139,0.482486,5,16,SELECTED,source_coverage=interrupted_2026-09-17; event_likelihood=HIGH; hardcase=SMALL_FAR|CROWDED; diversity_aware_rank; selection_signal_only_not_ground_truth,PENDING,,,COMPUTED,COMPUTED_SELECTION_SIGNAL_NOT_GROUND_TRUTH
interrupted_2026-09-17_C180,interrupted_2026-09-17,NUGc3nLuGsI,UNRESOLVED,data/clips/interrupted_2026-09-17_C180.mp4,19690.0,19810.0,120.0,15c6e8de7e1630ad69584a1804d9ffbd8b0907c16d46b05ec13bacf5740602e0,12,0.430918,HIGH,0.501047,SMALL_FAR|OCCLUSION|CROWDED,0.619837,0.479273,6,17,SELECTED,source_coverage=interrupted_2026-09-17; event_likelihood=HIGH; hardcase=SMALL_FAR|OCCLUSION|CROWDED; diversity_aware_rank; selection_signal_only_not_ground_truth,PENDING,,,COMPUTED,COMPUTED_SELECTION_SIGNAL_NOT_GROUND_TRUTH
LF_ZmCAo38w_C018,LF_ZmCAo38w,LF_ZmCAo38w,UNRESOLVED,data/clips/LF_ZmCAo38w_C018.mp4,1870.0,1990.0,120.0,309d0ac5154e39e51a120e08e095334a97e60e406de656970c66923747b484c6,12,0.448632,HIGH,0.454718,SMALL_FAR|CROWDED,0.584921,0.474257,13,20,SELECTED,source_coverage=LF_ZmCAo38w; event_likelihood=HIGH; hardcase=SMALL_FAR|CROWDED; diversity_aware_rank; selection_signal_only_not_ground_truth,PENDING,,,COMPUTED,COMPUTED_SELECTION_SIGNAL_NOT_GROUND_TRUTH
interrupted_2026-09-17_C160,interrupted_2026-09-17,NUGc3nLuGsI,UNRESOLVED,data/clips/interrupted_2026-09-17_C160.mp4,17490.0,17610.0,120.0,731621c8c6d43796bc81fc2e3b8f3da0c81e22f3b75b9c511de70a346a61e72c,12,0.419583,HIGH,0.459136,SMALL_FAR|CROWDED|FAST_MOTION,0.651494,0.467078,9,23,SELECTED,source_coverage=interrupted_2026-09-17; event_likelihood=HIGH; hardcase=SMALL_FAR|CROWDED|FAST_MOTION; diversity_aware_rank; selection_signal_only_not_ground_truth,PENDING,,,COMPUTED,COMPUTED_SELECTION_SIGNAL_NOT_GROUND_TRUTH
interrupted_2026-09-17_C165,interrupted_2026-09-17,NUGc3nLuGsI,UNRESOLVED,data/clips/interrupted_2026-09-17_C165.mp4,18040.0,18160.0,120.0,8d10f1cf4a01e1b588751ae7719da89e1d0129292d9bdf5a45347c4632eb8034,12,0.417125,HIGH,0.455492,SMALL_FAR|CROWDED,0.616471,0.455890,11,30,SELECTED,source_coverage=interrupted_2026-09-17; event_likelihood=HIGH; hardcase=SMALL_FAR|CROWDED; diversity_aware_rank; selection_signal_only_not_ground_truth,PENDING,,,COMPUTED,COMPUTED_SELECTION_SIGNAL_NOT_GROUND_TRUTH
interrupted_2026-09-17_C162,interrupted_2026-09-17,NUGc3nLuGsI,UNRESOLVED,data/clips/interrupted_2026-09-17_C162.mp4,17710.0,17830.0,120.0,d3f81a9169fe0c61c553ae71eee147c435db4a23c4d89902b6fd56c56e94214d,12,0.412153,HIGH,0.456768,SMALL_FAR|CROWDED,0.595979,0.451258,12,31,SELECTED,source_coverage=interrupted_2026-09-17; event_likelihood=HIGH; hardcase=SMALL_FAR|CROWDED; diversity_aware_rank; selection_signal_only_not_ground_truth,PENDING,,,COMPUTED,COMPUTED_SELECTION_SIGNAL_NOT_GROUND_TRUTH
YppQ6BEHAKY_C048,YppQ6BEHAKY,YppQ6BEHAKY,UNRESOLVED,data/clips/YppQ6BEHAKY_C048.mp4,5170.0,5290.0,120.0,57b9749100b7e4f3f62bdc0ce67e230d23f7b9fb415191df9087598559602677,12,0.432678,HIGH,0.393187,SMALL_FAR,0.523986,0.438492,1,35,SELECTED,source_coverage=YppQ6BEHAKY; event_likelihood=HIGH; hardcase=SMALL_FAR; diversity_aware_rank; selection_signal_only_not_ground_truth,PENDING,,,COMPUTED,COMPUTED_SELECTION_SIGNAL_NOT_GROUND_TRUTH
interrupted_2026-09-17_C173,interrupted_2026-09-17,NUGc3nLuGsI,UNRESOLVED,data/clips/interrupted_2026-09-17_C173.mp4,18920.0,19040.0,120.0,a6738ec696af0410dbd28032e44bae665cc7663b7d92d0619e54393be3d71c2b,12,0.393272,HIGH,0.395614,,0.453867,0.398324,29,69,SELECTED,source_coverage=interrupted_2026-09-17; event_likelihood=HIGH; hardcase=NORMAL_CASE; diversity_aware_rank; selection_signal_only_not_ground_truth,PENDING,,,COMPUTED,COMPUTED_SELECTION_SIGNAL_NOT_GROUND_TRUTH
interrupted_2026-09-17_C204,interrupted_2026-09-17,NUGc3nLuGsI,UNRESOLVED,data/clips/interrupted_2026-09-17_C204.mp4,22330.0,22450.0,120.0,088d92ff168627ec96c1583a440852f72715d7f053937c4457591c3289016ef1,12,0.352442,MEDIUM,0.437938,SMALL_FAR|CROWDED|FAST_MOTION,0.482500,0.392880,32,75,SELECTED,source_coverage=interrupted_2026-09-17; event_likelihood=MEDIUM; hardcase=SMALL_FAR|CROWDED|FAST_MOTION; diversity_aware_rank; selection_signal_only_not_ground_truth,PENDING,,,COMPUTED,COMPUTED_SELECTION_SIGNAL_NOT_GROUND_TRUTH
interrupted_2026-09-17_C208,interrupted_2026-09-17,NUGc3nLuGsI,UNRESOLVED,data/clips/interrupted_2026-09-17_C208.mp4,22770.0,22890.0,120.0,9d0bfbb30454c722a08f319d1ac7514288d7462214926a6842f0aebd91ade4b1,12,0.351849,MEDIUM,0.436871,SMALL_FAR|CROWDED,0.370839,0.368622,46,93,SELECTED,source_coverage=interrupted_2026-09-17; event_likelihood=MEDIUM; hardcase=SMALL_FAR|CROWDED; diversity_aware_rank; selection_signal_only_not_ground_truth,PENDING,,,COMPUTED,COMPUTED_SELECTION_SIGNAL_NOT_GROUND_TRUTH
LF_ZmCAo38w_C038,LF_ZmCAo38w,LF_ZmCAo38w,UNRESOLVED,data/clips/LF_ZmCAo38w_C038.mp4,4070.0,4190.0,120.0,cc218447d02455734c10345087c796a4b19caf45c6581cd600f3e7dfc5888047,12,0.351276,MEDIUM,0.443046,SMALL_FAR|CROWDED,0.315577,0.366410,48,96,SELECTED,source_coverage=LF_ZmCAo38w; event_likelihood=MEDIUM; hardcase=SMALL_FAR|CROWDED; diversity_aware_rank; selection_signal_only_not_ground_truth,PENDING,,,COMPUTED,COMPUTED_SELECTION_SIGNAL_NOT_GROUND_TRUTH
interrupted_2026-09-17_C146,interrupted_2026-09-17,NUGc3nLuGsI,UNRESOLVED,data/clips/interrupted_2026-09-17_C146.mp4,15950.0,16070.0,120.0,e456df3ac2f2199fa771a39c20e50787af6f8e54abf77eebd4c9e2cd6c6334df,12,0.350892,MEDIUM,0.435994,SMALL_FAR|CROWDED,0.347787,0.363326,49,98,SELECTED,source_coverage=interrupted_2026-09-17; event_likelihood=MEDIUM; hardcase=SMALL_FAR|CROWDED; diversity_aware_rank; selection_signal_only_not_ground_truth,PENDING,,,COMPUTED,COMPUTED_SELECTION_SIGNAL_NOT_GROUND_TRUTH
YppQ6BEHAKY_C041,YppQ6BEHAKY,YppQ6BEHAKY,UNRESOLVED,data/clips/YppQ6BEHAKY_C041.mp4,4400.0,4520.0,120.0,e80a902e27af0e74cbf3fcc67b00813abe892549aa614be59e84ddd0affee6fe,12,0.371271,HIGH,0.332125,SMALL_FAR,0.319004,0.348651,2,117,SELECTED,source_coverage=YppQ6BEHAKY; event_likelihood=HIGH; hardcase=SMALL_FAR; diversity_aware_rank; selection_signal_only_not_ground_truth,PENDING,,,COMPUTED,COMPUTED_SELECTION_SIGNAL_NOT_GROUND_TRUTH
interrupted_2026-09-17_C154,interrupted_2026-09-17,NUGc3nLuGsI,UNRESOLVED,data/clips/interrupted_2026-09-17_C154.mp4,16830.0,16950.0,120.0,d025411ad7b1a56ccd92d9de4f6e421e50af0eeaf515ac238860522fe4294b69,12,0.349725,MEDIUM,0.368951,,0.284045,0.332915,65,126,SELECTED,source_coverage=interrupted_2026-09-17; event_likelihood=MEDIUM; hardcase=NORMAL_CASE; diversity_aware_rank; selection_signal_only_not_ground_truth,PENDING,,,COMPUTED,COMPUTED_SELECTION_SIGNAL_NOT_GROUND_TRUTH
YppQ6BEHAKY_C044,YppQ6BEHAKY,YppQ6BEHAKY,UNRESOLVED,data/clips/YppQ6BEHAKY_C044.mp4,4730.0,4850.0,120.0,71b4c382148841e48927ff8b60fb11afb012e7312809bb039d38df78f49a8660,12,0.346274,MEDIUM,0.336096,,0.201499,0.311537,3,142,SELECTED,source_coverage=YppQ6BEHAKY; event_likelihood=MEDIUM; hardcase=NORMAL_CASE; diversity_aware_rank; selection_signal_only_not_ground_truth,PENDING,,,COMPUTED,COMPUTED_SELECTION_SIGNAL_NOT_GROUND_TRUTH
YppQ6BEHAKY_C061,YppQ6BEHAKY,YppQ6BEHAKY,UNRESOLVED,data/clips/YppQ6BEHAKY_C061.mp4,6600.0,6720.0,120.0,78c9dfef9b3a2673c9ad692713d3599ca3ec9952a2605cf30e000e23b836845c,12,0.340038,MEDIUM,0.358773,SMALL_FAR,0.174967,0.309313,5,145,SELECTED,source_coverage=YppQ6BEHAKY; event_likelihood=MEDIUM; hardcase=SMALL_FAR; diversity_aware_rank; selection_signal_only_not_ground_truth,PENDING,,,COMPUTED,COMPUTED_SELECTION_SIGNAL_NOT_GROUND_TRUTH
YppQ6BEHAKY_C054,YppQ6BEHAKY,YppQ6BEHAKY,UNRESOLVED,data/clips/YppQ6BEHAKY_C054.mp4,5830.0,5950.0,120.0,04f59c60b81bf853e34315ae590ad7981036abcd2809437a74a182ead758863b,12,0.336711,MEDIUM,0.354947,SMALL_FAR,0.190453,0.308376,6,146,SELECTED,source_coverage=YppQ6BEHAKY; event_likelihood=MEDIUM; hardcase=SMALL_FAR; diversity_aware_rank; selection_signal_only_not_ground_truth,PENDING,,,COMPUTED,COMPUTED_SELECTION_SIGNAL_NOT_GROUND_TRUTH
YppQ6BEHAKY_C021,YppQ6BEHAKY,YppQ6BEHAKY,UNRESOLVED,data/clips/YppQ6BEHAKY_C021.mp4,2200.0,2320.0,120.0,0f2ea57acfdb1f9c4102940d2e790750fba142ec19fdd7d44ae63301982f8c7f,12,0.337124,MEDIUM,0.327702,SMALL_FAR,0.169531,0.296568,7,155,SELECTED,source_coverage=YppQ6BEHAKY; event_likelihood=MEDIUM; hardcase=SMALL_FAR; diversity_aware_rank; selection_signal_only_not_ground_truth,PENDING,,,COMPUTED,COMPUTED_SELECTION_SIGNAL_NOT_GROUND_TRUTH
YppQ6BEHAKY_C012,YppQ6BEHAKY,YppQ6BEHAKY,UNRESOLVED,data/clips/YppQ6BEHAKY_C012.mp4,1210.0,1330.0,120.0,d28603c871553414173675ec50e75168d7363b0da5fc38028e7a522bb42c7ccb,12,0.339984,MEDIUM,0.276762,,0.210664,0.293401,10,162,SELECTED,source_coverage=YppQ6BEHAKY; event_likelihood=MEDIUM; hardcase=NORMAL_CASE; diversity_aware_rank; selection_signal_only_not_ground_truth,PENDING,,,COMPUTED,COMPUTED_SELECTION_SIGNAL_NOT_GROUND_TRUTH
interrupted_2026-09-17_C037,interrupted_2026-09-17,NUGc3nLuGsI,UNRESOLVED,data/clips/interrupted_2026-09-17_C037.mp4,3960.0,4080.0,120.0,3894dcacdf1d3a6a92a25666c69ec9a83dc178bf5d851b7e3c47c91133395681,12,0.343102,MEDIUM,0.295344,,0.202601,0.292258,89,163,SELECTED,source_coverage=interrupted_2026-09-17; event_likelihood=MEDIUM; hardcase=NORMAL_CASE; diversity_aware_rank; selection_signal_only_not_ground_truth,PENDING,,,COMPUTED,COMPUTED_SELECTION_SIGNAL_NOT_GROUND_TRUTH
YppQ6BEHAKY_C065,YppQ6BEHAKY,YppQ6BEHAKY,UNRESOLVED,data/clips/YppQ6BEHAKY_C065.mp4,7040.0,7160.0,120.0,9cc03e4fef8a4cf3d9398bdfcec14620ef6d411da8eae9158232bf29e48dd10e,12,0.316759,MEDIUM,0.347851,SMALL_FAR,0.127667,0.282611,12,172,SELECTED,source_coverage=YppQ6BEHAKY; event_likelihood=MEDIUM; hardcase=SMALL_FAR; diversity_aware_rank; selection_signal_only_not_ground_truth,PENDING,,,COMPUTED,COMPUTED_SELECTION_SIGNAL_NOT_GROUND_TRUTH
YppQ6BEHAKY_C056,YppQ6BEHAKY,YppQ6BEHAKY,UNRESOLVED,data/clips/YppQ6BEHAKY_C056.mp4,6050.0,6170.0,120.0,23cf14ee0a94d0c9813d43ca9bb66ae0e1bee5831a211b7ccca68eabcd905b50,12,0.325575,MEDIUM,0.338555,SMALL_FAR,0.103529,0.281538,13,174,SELECTED,source_coverage=YppQ6BEHAKY; event_likelihood=MEDIUM; hardcase=SMALL_FAR; diversity_aware_rank; selection_signal_only_not_ground_truth,PENDING,,,COMPUTED,COMPUTED_SELECTION_SIGNAL_NOT_GROUND_TRUTH
interrupted_2026-09-17_C056,interrupted_2026-09-17,NUGc3nLuGsI,UNRESOLVED,data/clips/interrupted_2026-09-17_C056.mp4,6050.0,6170.0,120.0,767092eef4102344531502247044c63fa719de6e974247329e69551c64c09484,12,0.338562,MEDIUM,0.266814,,0.200164,0.279508,100,179,SELECTED,source_coverage=interrupted_2026-09-17; event_likelihood=MEDIUM; hardcase=NORMAL_CASE; diversity_aware_rank; selection_signal_only_not_ground_truth,PENDING,,,COMPUTED,COMPUTED_SELECTION_SIGNAL_NOT_GROUND_TRUTH
YppQ6BEHAKY_C046,YppQ6BEHAKY,YppQ6BEHAKY,UNRESOLVED,data/clips/YppQ6BEHAKY_C046.mp4,4950.0,5070.0,120.0,2934e0971d90b06b35bd518565d06a50d4d797fe469507cbde912caa3d1bd8c2,12,0.321929,MEDIUM,0.304929,SMALL_FAR,0.127549,0.274941,15,192,SELECTED,source_coverage=YppQ6BEHAKY; event_likelihood=MEDIUM; hardcase=SMALL_FAR; diversity_aware_rank; selection_signal_only_not_ground_truth,PENDING,,,COMPUTED,COMPUTED_SELECTION_SIGNAL_NOT_GROUND_TRUTH
interrupted_2026-09-17_C084,interrupted_2026-09-17,NUGc3nLuGsI,UNRESOLVED,data/clips/interrupted_2026-09-17_C084.mp4,9130.0,9250.0,120.0,66ed59340a547e894c5130659593a5a55194f15d3d2f230601d2a3ec581bbc53,12,0.312830,MEDIUM,0.317017,,0.125180,0.264890,124,209,SELECTED,source_coverage=interrupted_2026-09-17; event_likelihood=MEDIUM; hardcase=NORMAL_CASE; diversity_aware_rank; selection_signal_only_not_ground_truth,PENDING,,,COMPUTED,COMPUTED_SELECTION_SIGNAL_NOT_GROUND_TRUTH
interrupted_2026-09-17_C291,interrupted_2026-09-17,NUGc3nLuGsI,UNRESOLVED,data/clips/interrupted_2026-09-17_C291.mp4,31900.0,32020.0,120.0,67d420dc41c3c9d3605a12fa8007a06e18d4ccb24c8751d937fbc268b4a9087f,12,0.280873,MEDIUM,0.334633,,0.144246,0.261769,128,213,SELECTED,source_coverage=interrupted_2026-09-17; event_likelihood=MEDIUM; hardcase=NORMAL_CASE; diversity_aware_rank; selection_signal_only_not_ground_truth,PENDING,,,COMPUTED,COMPUTED_SELECTION_SIGNAL_NOT_GROUND_TRUTH
YppQ6BEHAKY_C050,YppQ6BEHAKY,YppQ6BEHAKY,UNRESOLVED,data/clips/YppQ6BEHAKY_C050.mp4,5390.0,5510.0,120.0,086c433f1cda5910c482b487cb3b8a860c7a73725634b024eeda49b8e9f93a39,12,0.303836,MEDIUM,0.313257,,0.085045,0.257240,21,219,SELECTED,source_coverage=YppQ6BEHAKY; event_likelihood=MEDIUM; hardcase=NORMAL_CASE; diversity_aware_rank; selection_signal_only_not_ground_truth,PENDING,,,COMPUTED,COMPUTED_SELECTION_SIGNAL_NOT_GROUND_TRUTH
interrupted_2026-09-17_C224,interrupted_2026-09-17,NUGc3nLuGsI,UNRESOLVED,data/clips/interrupted_2026-09-17_C224.mp4,24530.0,24650.0,120.0,f47de327ed9054b1997631585a4cc96fa9c8f54d9940cb8d42322f3399ee71fa,12,0.211740,LOW,0.387533,SMALL_FAR|CROWDED,0.198601,0.249652,155,247,SELECTED,source_coverage=interrupted_2026-09-17; event_likelihood=LOW; hardcase=SMALL_FAR|CROWDED; diversity_aware_rank; selection_signal_only_not_ground_truth,PENDING,,,COMPUTED,COMPUTED_SELECTION_SIGNAL_NOT_GROUND_TRUTH
interrupted_2026-09-17_C214,interrupted_2026-09-17,NUGc3nLuGsI,UNRESOLVED,data/clips/interrupted_2026-09-17_C214.mp4,23430.0,23550.0,120.0,4cb8641f85b79951a1b635852efdd9dded56dfd98ba9f1da91f9306af7f2526e,12,0.227826,LOW,0.362319,SMALL_FAR,0.193912,0.248932,156,248,SELECTED,source_coverage=interrupted_2026-09-17; event_likelihood=LOW; hardcase=SMALL_FAR; diversity_aware_rank; selection_signal_only_not_ground_truth,PENDING,,,COMPUTED,COMPUTED_SELECTION_SIGNAL_NOT_GROUND_TRUTH
interrupted_2026-09-17_C221,interrupted_2026-09-17,NUGc3nLuGsI,UNRESOLVED,data/clips/interrupted_2026-09-17_C221.mp4,24200.0,24320.0,120.0,9515b74725a0d47532bbe120a667ace307c2a729d877cafd779955ff4bf9ff94,12,0.220960,LOW,0.368552,SMALL_FAR,0.185551,0.247509,159,251,SELECTED,source_coverage=interrupted_2026-09-17; event_likelihood=LOW; hardcase=SMALL_FAR; diversity_aware_rank; selection_signal_only_not_ground_truth,PENDING,,,COMPUTED,COMPUTED_SELECTION_SIGNAL_NOT_GROUND_TRUTH
interrupted_2026-09-17_C258,interrupted_2026-09-17,NUGc3nLuGsI,UNRESOLVED,data/clips/interrupted_2026-09-17_C258.mp4,28270.0,28390.0,120.0,9fd7d82d7cb5947d43df4eb8cc06635ce0bb07faffebec3b7d09823dca119d48,12,0.215379,LOW,0.342106,SMALL_FAR,0.221942,0.240061,184,283,SELECTED,source_coverage=interrupted_2026-09-17; event_likelihood=LOW; hardcase=SMALL_FAR; diversity_aware_rank; selection_signal_only_not_ground_truth,PENDING,,,COMPUTED,COMPUTED_SELECTION_SIGNAL_NOT_GROUND_TRUTH
LF_ZmCAo38w_C066,LF_ZmCAo38w,LF_ZmCAo38w,UNRESOLVED,data/clips/LF_ZmCAo38w_C066.mp4,7150.0,7201.668,51.668005,5fc62d814358165de6705a9404c19279570642acc311a39101e05a550447f03a,12,0.230669,LOW,0.244909,,0.273415,0.240003,66,284,SELECTED,source_coverage=LF_ZmCAo38w; event_likelihood=LOW; hardcase=NORMAL_CASE; diversity_aware_rank; selection_signal_only_not_ground_truth,PENDING,,,COMPUTED,COMPUTED_SELECTION_SIGNAL_NOT_GROUND_TRUTH
interrupted_2026-09-17_C279,interrupted_2026-09-17,NUGc3nLuGsI,UNRESOLVED,data/clips/interrupted_2026-09-17_C279.mp4,30580.0,30700.0,120.0,af3c97ddf26e5bff091147a9ad693a9aec6c74db2cf3567d984bacd079a5579f,12,0.234713,LOW,0.331542,SMALL_FAR,0.155809,0.238348,192,296,SELECTED,source_coverage=interrupted_2026-09-17; event_likelihood=LOW; hardcase=SMALL_FAR; diversity_aware_rank; selection_signal_only_not_ground_truth,PENDING,,,COMPUTED,COMPUTED_SELECTION_SIGNAL_NOT_GROUND_TRUTH
interrupted_2026-09-17_C044,interrupted_2026-09-17,NUGc3nLuGsI,UNRESOLVED,data/clips/interrupted_2026-09-17_C044.mp4,4730.0,4850.0,120.0,5757a2a7506162df43c463205f0f4aebb1d26eaa87d7b9d2c97ec614eeffcbd1,12,0.230546,LOW,0.291227,SMALL_FAR,0.241766,0.234353,204,312,SELECTED,source_coverage=interrupted_2026-09-17; event_likelihood=LOW; hardcase=SMALL_FAR; diversity_aware_rank; selection_signal_only_not_ground_truth,PENDING,,,COMPUTED,COMPUTED_SELECTION_SIGNAL_NOT_GROUND_TRUTH
interrupted_2026-09-17_C069,interrupted_2026-09-17,NUGc3nLuGsI,UNRESOLVED,data/clips/interrupted_2026-09-17_C069.mp4,7480.0,7600.0,120.0,df5da5b56b833870952dc45a9622942c33b939053cacf2726acff873dcf8af8c,12,0.210876,LOW,0.343206,SMALL_FAR,0.159755,0.228178,226,340,SELECTED,source_coverage=interrupted_2026-09-17; event_likelihood=LOW; hardcase=SMALL_FAR; diversity_aware_rank; selection_signal_only_not_ground_truth,PENDING,,,COMPUTED,COMPUTED_SELECTION_SIGNAL_NOT_GROUND_TRUTH
YppQ6BEHAKY_C038,YppQ6BEHAKY,YppQ6BEHAKY,UNRESOLVED,data/clips/YppQ6BEHAKY_C038.mp4,4070.0,4190.0,120.0,3100860f8f97c3b14531e3f97b917dd5b0b21651eca9562018bc6beced17521d,12,0.252804,MEDIUM,0.249356,SMALL_FAR,0.153936,0.224384,53,355,SELECTED,source_coverage=YppQ6BEHAKY; event_likelihood=MEDIUM; hardcase=SMALL_FAR; diversity_aware_rank; selection_signal_only_not_ground_truth,PENDING,,,COMPUTED,COMPUTED_SELECTION_SIGNAL_NOT_GROUND_TRUTH
